﻿<?xml version="1.0" encoding="UTF-8" standalone="yes"?>
<addon
		id="plugin.audio.sunshine_live_radio"
		name="Sunshine Live"
		version="1.0.3"
		provider-name="kamil_n"
		>
	<requires>
		<import addon="xbmc.python" version="2.20.0" />
		<import addon="script.module.simplejson" version="2.0.10" />
		<import addon="script.module.requests" version="2.9.1"/>
	</requires>
	<extension point="xbmc.python.pluginsource" library="addon.py">
		<provides>audio</provides>
	</extension>
	<extension point="xbmc.addon.metadata">
		<summary lang="en">Sunshine Live Radio</summary>
		<description lang="en">Add-On plays online music from Sunshine \nLive web site
		</description>
		<license>GNU General Public License, v2</license>
		<platform>all</platform>
	</extension>
</addon>
